{"cameraMode":{"drawMode":0,"name":"Shaded","section":"Shading Mode"},"sceneLighting":false,"audioPlay":false,"sceneViewState":{"m_AlwaysRefresh":false,"showFog":true,"showSkybox":true,"showFlares":true,"showImageEffects":true,"showParticleSystems":true,"showVisualEffectGraphs":true,"m_FxEnabled":true},"in2DMode":false,"pivot":{"x":-12.395666122436524,"y":2.5683069229125978,"z":-11.6179780960083},"rotation":{"x":0.025421814993023874,"y":-0.7342590689659119,"z":0.02755660191178322,"w":0.6778625845909119},"size":5.6660261154174809,"orthographic":false}